date,capacity,turnover,change,transaction,open,high,low,close
2024-01-02,6283610,848793104,-0.55,10013,135.6,135.95,134.65,134.9
2024-01-03,14783894,1963126583,-2.35,25258,133.7,133.9,132.3,132.55
2024-01-04,4838660,641202865,-0.05,7094,132.55,132.75,132.3,132.5
2024-01-05,4566320,604475455,-0.35,12744,132.55,132.95,132.1,132.15
2024-01-08,9657556,1285524342,0.6,9876,133.0,133.6,132.75,132.75
2024-01-09,5906880,787405208,0.25,6499,133.85,133.95,132.75,133.0
2024-01-10,7249096,959855308,-0.7,13348,132.4,132.65,132.0,132.3
2024-01-11,5852556,777172314,0.55,7305,132.45,133.25,132.35,132.85
2024-01-12,6877839,911710806,-0.2,9482,132.2,133.05,131.95,132.65
2024-01-15,12566534,1673280222,0.35,12513,133.3,133.55,132.65,133.0
2024-01-16,23016099,3029504121,-1.35,23835,132.05,132.3,131.1,131.65
2024-01-17,39219163,5016755779,0.0,50897,130.0,130.0,127.3,127.45
2024-01-18,7535303,965672293,0.85,11151,127.9,128.55,127.9,128.3
2024-01-19,26897126,3553992205,4.6,18390,131.7,133.1,131.1,132.9
2024-01-22,13443533,1799399654,0.9,12583,133.8,134.35,133.35,133.8
2024-01-23,7339835,982801681,0.25,8187,133.9,134.25,133.5,134.05
2024-01-24,14554385,1953259376,-0.05,8606,134.15,134.4,133.95,134.0
2024-01-25,27224110,3687022852,1.65,20635,135.05,135.7,134.9,135.65
2024-01-26,16456940,2234146555,0.0,11391,135.65,135.95,135.3,135.65
2024-01-29,27291722,3720069370,0.85,14077,135.65,136.65,135.6,136.5
2024-01-30,9944399,1356292111,-0.35,8051,136.35,136.65,136.05,136.15
2024-01-31,7320760,985961198,-1.8,11931,135.25,135.3,134.35,134.35
2024-02-01,8812920,1180328029,0.0,9600,134.35,134.5,133.6,134.35
2024-02-02,9178958,1238629170,0.75,6764,135.0,135.2,134.65,135.1
2024-02-05,17961425,2439229519,0.85,16536,135.1,136.2,135.0,135.95
2024-02-15,44444918,6313384766,6.4,44592,142.2,142.7,141.4,142.35
2024-02-16,18273199,2589642250,-1.05,14623,142.35,142.35,141.2,141.3
2024-02-19,9632521,1357473487,-0.2,12669,141.0,141.25,140.6,141.1
2024-02-20,13875231,1965919655,0.55,11241,140.55,142.0,140.4,141.65
2024-02-21,12860271,1817231233,-0.45,13387,141.4,141.5,141.05,141.2
2024-02-22,13160126,1875242859,1.6,13559,142.95,143.05,141.85,142.8
2024-02-23,19974323,2872323988,0.95,17595,143.45,144.1,143.3,143.75
2024-02-26,10368883,1491081396,0.2,12614,143.7,144.0,143.0,143.95
2024-02-27,6507934,933504679,-0.6,10372,143.95,144.2,142.65,143.35
2024-02-29,7372502,1055974598,-0.05,10899,143.0,143.95,142.7,143.3
2024-03-01,9019098,1292041933,-0.5,11396,143.55,143.95,142.8,142.8
2024-03-04,25733539,3766826897,4.15,23900,145.0,147.2,144.85,146.95
2024-03-05,17270419,2557952404,1.2,18112,147.75,148.55,147.35,148.15
2024-03-06,17232812,2554806448,0.7,14657,147.0,149.05,146.4,148.85
2024-03-07,31117921,4732119017,3.45,25573,151.0,153.0,150.75,152.3
2024-03-08,30512569,4733555354,2.15,27381,155.6,156.45,153.0,154.45
2024-03-11,13908138,2131482853,-1.55,19953,153.85,154.2,152.55,152.9
2024-03-12,15457256,2377895105,1.6,13566,152.2,154.6,152.1,154.5
2024-03-13,13431850,2088230077,0.75,12114,155.55,156.15,154.95,155.25
2024-03-14,8777345,1361442129,-0.15,9671,154.9,155.8,154.3,155.1
2024-03-15,9218845,1418850825,-2.1,14662,154.3,154.75,153.0,153.0
2024-03-18,18434059,2836201013,1.4,11959,153.0,154.5,153.0,154.4
2024-03-19,8872114,1365460173,-0.35,8199,153.4,154.55,153.0,154.05
2024-03-20,10441824,1609185340,-0.85,11445,154.2,155.3,153.0,153.2
2024-03-21,21131978,3315155281,4.2,21103,155.55,157.7,155.55,157.4
2024-03-22,7163593,1126524179,-0.2,8945,157.5,158.25,156.5,157.2
2024-03-25,9052498,1426632970,0.3,10534,157.2,158.0,156.95,157.5
2024-03-26,7011591,1106518323,0.1,10423,158.3,159.2,156.4,157.6
2024-03-27,4644158,730810486,0.05,5803,157.4,157.85,156.9,157.65
2024-03-28,3438375,539015594,-0.75,7097,157.3,157.3,155.9,156.9
2024-03-29,8255237,1302182597,1.0,7944,156.9,158.4,156.9,157.9
2024-04-01,5727780,904051439,-0.5,9814,158.2,158.75,157.25,157.4
2024-04-02,7924481,1261718566,2.25,11341,158.45,159.65,158.4,159.65
2024-04-03,5042947,799119313,-1.1,10098,158.65,158.9,157.8,158.55
2024-04-08,6124837,976164820,0.9,12306,158.65,159.85,158.55,159.45
2024-04-09,9043462,1465418271,3.8,15355,160.0,163.35,159.9,163.25
2024-04-10,5731265,933773619,-0.25,12106,162.75,163.3,162.45,163.0
2024-04-11,4677727,758087448,-0.5,9606,162.05,162.5,161.65,162.5
2024-04-12,6129174,994740991,-0.4,7404,162.6,162.8,161.95,162.1
2024-04-15,8727145,1397288443,-2.1,20071,160.25,160.55,159.6,160.0
2024-04-16,18674686,2914071977,-4.35,39767,158.3,158.3,154.75,155.65
2024-04-17,8077871,1267652543,1.75,10186,155.95,157.7,155.9,157.4
2024-04-18,6903163,1087753112,1.55,8741,156.35,158.95,155.8,158.95
2024-04-19,33785973,5120010612,-8.05,63456,154.1,154.15,149.5,150.9
2024-04-22,9992734,1505959931,-0.45,18339,150.4,151.75,149.7,150.45
2024-04-23,5718650,868908321,1.45,7971,152.15,152.45,151.3,151.9
2024-04-24,8082060,1258539965,4.45,9579,154.0,156.5,154.0,156.35
2024-04-25,5279800,811673254,-2.85,13893,154.1,154.45,153.25,153.5
2024-04-26,6054296,945852784,2.5,7970,156.0,156.8,155.5,156.0
2024-04-29,8135962,1289630787,2.8,10501,157.3,159.1,157.3,158.8
2024-04-30,4792141,761950562,-0.55,6586,158.6,159.35,158.25,158.25
2024-05-02,6666498,1042279767,-2.1,12625,157.35,157.35,156.0,156.15
2024-05-03,5935465,936184397,0.8,6876,158.55,158.65,156.45,156.95
2024-05-06,9032607,1441651437,2.25,12931,159.0,160.15,159.0,159.2
2024-05-07,6699483,1072604883,0.9,9146,160.25,160.55,159.5,160.1
2024-05-08,6345930,1017586029,0.6,7563,160.0,160.8,159.65,160.7
2024-05-09,5285856,850455689,-0.2,5952,160.75,161.25,160.4,160.5
2024-05-10,10192376,1644984436,1.15,11494,161.25,162.1,160.55,161.65
2024-05-13,9642900,1576521176,1.65,12460,163.35,163.9,162.95,163.3
2024-05-14,8291028,1358012114,1.1,9897,163.2,164.45,162.7,164.4
2024-05-15,15243403,2541851885,2.25,18162,165.6,167.85,165.5,166.65
2024-05-16,12586120,2119619590,0.8,12459,168.95,169.75,167.1,167.45
2024-05-17,5039743,842406145,-0.2,8291,167.55,167.7,166.7,167.25
2024-05-20,7278652,1212643672,-0.05,13023,167.25,167.4,165.3,167.2
2024-05-21,4588315,764313254,-0.2,6790,166.4,167.15,165.85,167.0
2024-05-22,6928097,1171910569,3.0,10448,167.2,170.0,167.2,170.0
2024-05-23,6656188,1137393249,1.3,11169,170.3,171.45,170.0,171.3
2024-05-24,3877932,660238032,-0.7,6487,169.3,170.8,169.3,170.6
2024-05-27,6149922,1062472354,2.35,12001,171.75,173.4,171.75,172.95
2024-05-28,5835433,1009317540,0.25,8245,172.95,173.4,172.5,173.2
2024-05-29,7402741,1268475158,-2.35,14406,172.45,172.5,170.55,170.85
2024-05-30,10376879,1745935737,-2.95,23558,168.0,169.0,167.7,167.9
2024-05-31,9114336,1525397907,-1.9,18205,168.25,168.9,166.0,166.0
2024-06-03,9475689,1600550183,3.55,12509,168.65,169.75,167.3,169.55
2024-06-04,8753452,1465081642,-2.7,18696,168.75,168.75,166.5,166.85
2024-06-05,4935163,827016285,1.6,11328,167.4,168.8,166.15,168.45
2024-06-06,18069198,3139162083,5.75,19789,172.75,174.6,172.65,174.2
2024-06-07,7113014,1229550638,-1.35,10518,173.3,173.4,172.4,172.85
2024-06-11,11261872,1954032447,0.45,12407,173.15,174.25,172.9,173.3
2024-06-12,8173366,1431691938,3.1,11978,173.3,176.45,173.3,176.4
2024-06-13,16739748,2995817069,2.55,17606,178.9,180.5,177.8,178.95
2024-06-14,6902361,1236103031,1.05,11630,178.95,180.0,177.8,180.0
2024-06-17,8638429,1551547565,0.0,14693,179.2,180.45,178.8,180.0
2024-06-18,7029339,1284103308,3.0,12087,182.5,183.05,182.0,183.0
2024-06-19,26118499,4893505250,4.95,27903,184.75,188.9,184.75,187.95
2024-06-20,11887892,2243620224,1.8,15551,187.95,189.75,187.8,189.75
2024-06-21,10830757,2036270941,-1.15,17027,187.1,189.2,186.95,188.6
2024-06-24,14671365,2705763066,-4.6,32170,186.5,186.5,183.55,184.0
2024-06-25,13774562,2513790496,-0.1,20594,181.95,183.9,180.8,183.9
2024-06-26,9269483,1718526283,1.45,11194,184.95,186.1,184.25,185.35
2024-06-27,6508242,1199247562,-0.05,8578,183.6,185.3,183.4,185.3
2024-06-28,4455951,830033644,1.15,7487,185.3,187.4,184.65,186.45
2024-07-01,7681395,1437551892,0.15,11579,186.55,188.05,186.25,186.6
2024-07-02,5882791,1090850183,-1.25,11238,185.95,186.75,184.5,185.35
2024-07-03,6787428,1270770925,2.25,8862,187.6,187.6,186.4,187.6
2024-07-04,13513209,2592032676,4.9,17096,190.6,192.65,190.6,192.5
2024-07-05,10250583,1969313776,-0.7,14725,192.6,192.85,191.55,191.8
2024-07-08,17999450,3538290906,6.05,20267,191.9,198.5,191.85,197.85
2024-07-09,16177507,3201844493,-0.2,18605,197.45,200.05,195.45,197.65
2024-07-10,7807965,1537696021,0.7,16630,196.95,198.4,195.0,198.35
2024-07-11,10435774,2105367679,4.4,15095,200.65,202.8,200.0,202.75
2024-07-12,16267539,3207781338,-6.4,43004,198.2,198.35,196.0,196.35
2024-07-15,10323853,2034933297,0.35,16684,197.65,198.1,196.1,196.7
2024-07-16,13731487,2710925011,0.0,16165,196.55,199.0,196.0,196.85
2024-07-17,15694924,3059326947,-2.75,31123,196.4,196.5,193.6,194.1
2024-07-18,19796818,3754498885,-3.5,39463,188.6,190.9,188.2,190.6
2024-07-19,18436231,3456363627,-4.35,43183,188.75,189.0,186.2,186.25
2024-07-22,23474914,4268806758,-5.55,48514,185.4,185.4,180.05,180.7
2024-07-23,13180830,2437876621,5.6,18100,183.7,186.3,183.7,186.3
2024-02-01,8812920,1180328029,0.0,9600,134.35,134.5,133.6,134.35
2024-02-02,9178958,1238629170,0.75,6764,135.0,135.2,134.65,135.1
2024-02-05,17961425,2439229519,0.85,16536,135.1,136.2,135.0,135.95
2024-02-15,44444918,6313384766,6.4,44592,142.2,142.7,141.4,142.35
2024-02-16,18273199,2589642250,-1.05,14623,142.35,142.35,141.2,141.3
2024-02-19,9632521,1357473487,-0.2,12669,141.0,141.25,140.6,141.1
2024-02-20,13875231,1965919655,0.55,11241,140.55,142.0,140.4,141.65
2024-02-21,12860271,1817231233,-0.45,13387,141.4,141.5,141.05,141.2
2024-02-22,13160126,1875242859,1.6,13559,142.95,143.05,141.85,142.8
2024-02-23,19974323,2872323988,0.95,17595,143.45,144.1,143.3,143.75
2024-02-26,10368883,1491081396,0.2,12614,143.7,144.0,143.0,143.95
2024-02-27,6507934,933504679,-0.6,10372,143.95,144.2,142.65,143.35
2024-02-29,7372502,1055974598,-0.05,10899,143.0,143.95,142.7,143.3
2024-03-01,9019098,1292041933,-0.5,11396,143.55,143.95,142.8,142.8
2024-03-04,25733539,3766826897,4.15,23900,145.0,147.2,144.85,146.95
2024-03-05,17270419,2557952404,1.2,18112,147.75,148.55,147.35,148.15
2024-03-06,17232812,2554806448,0.7,14657,147.0,149.05,146.4,148.85
2024-03-07,31117921,4732119017,3.45,25573,151.0,153.0,150.75,152.3
2024-03-08,30512569,4733555354,2.15,27381,155.6,156.45,153.0,154.45
2024-03-11,13908138,2131482853,-1.55,19953,153.85,154.2,152.55,152.9
2024-03-12,15457256,2377895105,1.6,13566,152.2,154.6,152.1,154.5
2024-03-13,13431850,2088230077,0.75,12114,155.55,156.15,154.95,155.25
2024-03-14,8777345,1361442129,-0.15,9671,154.9,155.8,154.3,155.1
2024-03-15,9218845,1418850825,-2.1,14662,154.3,154.75,153.0,153.0
2024-03-18,18434059,2836201013,1.4,11959,153.0,154.5,153.0,154.4
2024-03-19,8872114,1365460173,-0.35,8199,153.4,154.55,153.0,154.05
2024-03-20,10441824,1609185340,-0.85,11445,154.2,155.3,153.0,153.2
2024-03-21,21131978,3315155281,4.2,21103,155.55,157.7,155.55,157.4
2024-03-22,7163593,1126524179,-0.2,8945,157.5,158.25,156.5,157.2
2024-03-25,9052498,1426632970,0.3,10534,157.2,158.0,156.95,157.5
2024-03-26,7011591,1106518323,0.1,10423,158.3,159.2,156.4,157.6
2024-03-27,4644158,730810486,0.05,5803,157.4,157.85,156.9,157.65
2024-03-28,3438375,539015594,-0.75,7097,157.3,157.3,155.9,156.9
2024-03-29,8255237,1302182597,1.0,7944,156.9,158.4,156.9,157.9
2024-04-01,5727780,904051439,-0.5,9814,158.2,158.75,157.25,157.4
2024-04-02,7924481,1261718566,2.25,11341,158.45,159.65,158.4,159.65
2024-04-03,5042947,799119313,-1.1,10098,158.65,158.9,157.8,158.55
2024-04-08,6124837,976164820,0.9,12306,158.65,159.85,158.55,159.45
2024-04-09,9043462,1465418271,3.8,15355,160.0,163.35,159.9,163.25
2024-04-10,5731265,933773619,-0.25,12106,162.75,163.3,162.45,163.0
2024-04-11,4677727,758087448,-0.5,9606,162.05,162.5,161.65,162.5
2024-04-12,6129174,994740991,-0.4,7404,162.6,162.8,161.95,162.1
2024-04-15,8727145,1397288443,-2.1,20071,160.25,160.55,159.6,160.0
2024-04-16,18674686,2914071977,-4.35,39767,158.3,158.3,154.75,155.65
2024-04-17,8077871,1267652543,1.75,10186,155.95,157.7,155.9,157.4
2024-04-18,6903163,1087753112,1.55,8741,156.35,158.95,155.8,158.95
2024-04-19,33785973,5120010612,-8.05,63456,154.1,154.15,149.5,150.9
2024-04-22,9992734,1505959931,-0.45,18339,150.4,151.75,149.7,150.45
2024-04-23,5718650,868908321,1.45,7971,152.15,152.45,151.3,151.9
2024-04-24,8082060,1258539965,4.45,9579,154.0,156.5,154.0,156.35
2024-04-25,5279800,811673254,-2.85,13893,154.1,154.45,153.25,153.5
2024-04-26,6054296,945852784,2.5,7970,156.0,156.8,155.5,156.0
2024-04-29,8135962,1289630787,2.8,10501,157.3,159.1,157.3,158.8
2024-04-30,4792141,761950562,-0.55,6586,158.6,159.35,158.25,158.25
2024-05-02,6666498,1042279767,-2.1,12625,157.35,157.35,156.0,156.15
2024-05-03,5935465,936184397,0.8,6876,158.55,158.65,156.45,156.95
2024-05-06,9032607,1441651437,2.25,12931,159.0,160.15,159.0,159.2
2024-05-07,6699483,1072604883,0.9,9146,160.25,160.55,159.5,160.1
2024-05-08,6345930,1017586029,0.6,7563,160.0,160.8,159.65,160.7
2024-05-09,5285856,850455689,-0.2,5952,160.75,161.25,160.4,160.5
2024-05-10,10192376,1644984436,1.15,11494,161.25,162.1,160.55,161.65
2024-05-13,9642900,1576521176,1.65,12460,163.35,163.9,162.95,163.3
2024-05-14,8291028,1358012114,1.1,9897,163.2,164.45,162.7,164.4
2024-05-15,15243403,2541851885,2.25,18162,165.6,167.85,165.5,166.65
2024-05-16,12586120,2119619590,0.8,12459,168.95,169.75,167.1,167.45
2024-05-17,5039743,842406145,-0.2,8291,167.55,167.7,166.7,167.25
2024-05-20,7278652,1212643672,-0.05,13023,167.25,167.4,165.3,167.2
2024-05-21,4588315,764313254,-0.2,6790,166.4,167.15,165.85,167.0
2024-05-22,6928097,1171910569,3.0,10448,167.2,170.0,167.2,170.0
2024-05-23,6656188,1137393249,1.3,11169,170.3,171.45,170.0,171.3
2024-05-24,3877932,660238032,-0.7,6487,169.3,170.8,169.3,170.6
2024-05-27,6149922,1062472354,2.35,12001,171.75,173.4,171.75,172.95
2024-05-28,5835433,1009317540,0.25,8245,172.95,173.4,172.5,173.2
2024-05-29,7402741,1268475158,-2.35,14406,172.45,172.5,170.55,170.85
2024-05-30,10376879,1745935737,-2.95,23558,168.0,169.0,167.7,167.9
2024-05-31,9114336,1525397907,-1.9,18205,168.25,168.9,166.0,166.0
2024-06-03,9475689,1600550183,3.55,12509,168.65,169.75,167.3,169.55
2024-06-04,8753452,1465081642,-2.7,18696,168.75,168.75,166.5,166.85
2024-06-05,4935163,827016285,1.6,11328,167.4,168.8,166.15,168.45
2024-06-06,18069198,3139162083,5.75,19789,172.75,174.6,172.65,174.2
2024-06-07,7113014,1229550638,-1.35,10518,173.3,173.4,172.4,172.85
2024-06-11,11261872,1954032447,0.45,12407,173.15,174.25,172.9,173.3
2024-06-12,8173366,1431691938,3.1,11978,173.3,176.45,173.3,176.4
2024-06-13,16739748,2995817069,2.55,17606,178.9,180.5,177.8,178.95
2024-06-14,6902361,1236103031,1.05,11630,178.95,180.0,177.8,180.0
2024-06-17,8638429,1551547565,0.0,14693,179.2,180.45,178.8,180.0
2024-06-18,7029339,1284103308,3.0,12087,182.5,183.05,182.0,183.0
2024-06-19,26118499,4893505250,4.95,27903,184.75,188.9,184.75,187.95
2024-06-20,11887892,2243620224,1.8,15551,187.95,189.75,187.8,189.75
2024-06-21,10830757,2036270941,-1.15,17027,187.1,189.2,186.95,188.6
2024-06-24,14671365,2705763066,-4.6,32170,186.5,186.5,183.55,184.0
2024-06-25,13774562,2513790496,-0.1,20594,181.95,183.9,180.8,183.9
2024-06-26,9269483,1718526283,1.45,11194,184.95,186.1,184.25,185.35
2024-06-27,6508242,1199247562,-0.05,8578,183.6,185.3,183.4,185.3
2024-06-28,4455951,830033644,1.15,7487,185.3,187.4,184.65,186.45
2024-07-01,7681395,1437551892,0.15,11579,186.55,188.05,186.25,186.6
2024-07-02,5882791,1090850183,-1.25,11238,185.95,186.75,184.5,185.35
2024-07-03,6787428,1270770925,2.25,8862,187.6,187.6,186.4,187.6
2024-07-04,13513209,2592032676,4.9,17096,190.6,192.65,190.6,192.5
2024-07-05,10250583,1969313776,-0.7,14725,192.6,192.85,191.55,191.8
2024-07-08,17999450,3538290906,6.05,20267,191.9,198.5,191.85,197.85
2024-07-09,16177507,3201844493,-0.2,18605,197.45,200.05,195.45,197.65
2024-07-10,7807965,1537696021,0.7,16630,196.95,198.4,195.0,198.35
2024-07-11,10435774,2105367679,4.4,15095,200.65,202.8,200.0,202.75
2024-07-12,16267539,3207781338,-6.4,43004,198.2,198.35,196.0,196.35
2024-07-15,10323853,2034933297,0.35,16684,197.65,198.1,196.1,196.7
2024-07-16,13731487,2710925011,0.0,16165,196.55,199.0,196.0,196.85
2024-07-17,15694924,3059326947,-2.75,31123,196.4,196.5,193.6,194.1
2024-07-18,19796818,3754498885,-3.5,39463,188.6,190.9,188.2,190.6
2024-07-19,18436231,3456363627,-4.35,43183,188.75,189.0,186.2,186.25
2024-07-22,23474914,4268806758,-5.55,48514,185.4,185.4,180.05,180.7
2024-07-23,13180830,2437876621,5.6,18100,183.7,186.3,183.7,186.3
2024-03-01,9019098,1292041933,-0.5,11396,143.55,143.95,142.8,142.8
2024-03-04,25733539,3766826897,4.15,23900,145.0,147.2,144.85,146.95
2024-03-05,17270419,2557952404,1.2,18112,147.75,148.55,147.35,148.15
2024-03-06,17232812,2554806448,0.7,14657,147.0,149.05,146.4,148.85
2024-03-07,31117921,4732119017,3.45,25573,151.0,153.0,150.75,152.3
2024-03-08,30512569,4733555354,2.15,27381,155.6,156.45,153.0,154.45
2024-03-11,13908138,2131482853,-1.55,19953,153.85,154.2,152.55,152.9
2024-03-12,15457256,2377895105,1.6,13566,152.2,154.6,152.1,154.5
2024-03-13,13431850,2088230077,0.75,12114,155.55,156.15,154.95,155.25
2024-03-14,8777345,1361442129,-0.15,9671,154.9,155.8,154.3,155.1
2024-03-15,9218845,1418850825,-2.1,14662,154.3,154.75,153.0,153.0
2024-03-18,18434059,2836201013,1.4,11959,153.0,154.5,153.0,154.4
2024-03-19,8872114,1365460173,-0.35,8199,153.4,154.55,153.0,154.05
2024-03-20,10441824,1609185340,-0.85,11445,154.2,155.3,153.0,153.2
2024-03-21,21131978,3315155281,4.2,21103,155.55,157.7,155.55,157.4
2024-03-22,7163593,1126524179,-0.2,8945,157.5,158.25,156.5,157.2
2024-03-25,9052498,1426632970,0.3,10534,157.2,158.0,156.95,157.5
2024-03-26,7011591,1106518323,0.1,10423,158.3,159.2,156.4,157.6
2024-03-27,4644158,730810486,0.05,5803,157.4,157.85,156.9,157.65
2024-03-28,3438375,539015594,-0.75,7097,157.3,157.3,155.9,156.9
2024-03-29,8255237,1302182597,1.0,7944,156.9,158.4,156.9,157.9
2024-04-01,5727780,904051439,-0.5,9814,158.2,158.75,157.25,157.4
2024-04-02,7924481,1261718566,2.25,11341,158.45,159.65,158.4,159.65
2024-04-03,5042947,799119313,-1.1,10098,158.65,158.9,157.8,158.55
2024-04-08,6124837,976164820,0.9,12306,158.65,159.85,158.55,159.45
2024-04-09,9043462,1465418271,3.8,15355,160.0,163.35,159.9,163.25
2024-04-10,5731265,933773619,-0.25,12106,162.75,163.3,162.45,163.0
2024-04-11,4677727,758087448,-0.5,9606,162.05,162.5,161.65,162.5
2024-04-12,6129174,994740991,-0.4,7404,162.6,162.8,161.95,162.1
2024-04-15,8727145,1397288443,-2.1,20071,160.25,160.55,159.6,160.0
2024-04-16,18674686,2914071977,-4.35,39767,158.3,158.3,154.75,155.65
2024-04-17,8077871,1267652543,1.75,10186,155.95,157.7,155.9,157.4
2024-04-18,6903163,1087753112,1.55,8741,156.35,158.95,155.8,158.95
2024-04-19,33785973,5120010612,-8.05,63456,154.1,154.15,149.5,150.9
2024-04-22,9992734,1505959931,-0.45,18339,150.4,151.75,149.7,150.45
2024-04-23,5718650,868908321,1.45,7971,152.15,152.45,151.3,151.9
2024-04-24,8082060,1258539965,4.45,9579,154.0,156.5,154.0,156.35
2024-04-25,5279800,811673254,-2.85,13893,154.1,154.45,153.25,153.5
2024-04-26,6054296,945852784,2.5,7970,156.0,156.8,155.5,156.0
2024-04-29,8135962,1289630787,2.8,10501,157.3,159.1,157.3,158.8
2024-04-30,4792141,761950562,-0.55,6586,158.6,159.35,158.25,158.25
2024-05-02,6666498,1042279767,-2.1,12625,157.35,157.35,156.0,156.15
2024-05-03,5935465,936184397,0.8,6876,158.55,158.65,156.45,156.95
2024-05-06,9032607,1441651437,2.25,12931,159.0,160.15,159.0,159.2
2024-05-07,6699483,1072604883,0.9,9146,160.25,160.55,159.5,160.1
2024-05-08,6345930,1017586029,0.6,7563,160.0,160.8,159.65,160.7
2024-05-09,5285856,850455689,-0.2,5952,160.75,161.25,160.4,160.5
2024-05-10,10192376,1644984436,1.15,11494,161.25,162.1,160.55,161.65
2024-05-13,9642900,1576521176,1.65,12460,163.35,163.9,162.95,163.3
2024-05-14,8291028,1358012114,1.1,9897,163.2,164.45,162.7,164.4
2024-05-15,15243403,2541851885,2.25,18162,165.6,167.85,165.5,166.65
2024-05-16,12586120,2119619590,0.8,12459,168.95,169.75,167.1,167.45
2024-05-17,5039743,842406145,-0.2,8291,167.55,167.7,166.7,167.25
2024-05-20,7278652,1212643672,-0.05,13023,167.25,167.4,165.3,167.2
2024-05-21,4588315,764313254,-0.2,6790,166.4,167.15,165.85,167.0
2024-05-22,6928097,1171910569,3.0,10448,167.2,170.0,167.2,170.0
2024-05-23,6656188,1137393249,1.3,11169,170.3,171.45,170.0,171.3
2024-05-24,3877932,660238032,-0.7,6487,169.3,170.8,169.3,170.6
2024-05-27,6149922,1062472354,2.35,12001,171.75,173.4,171.75,172.95
2024-05-28,5835433,1009317540,0.25,8245,172.95,173.4,172.5,173.2
2024-05-29,7402741,1268475158,-2.35,14406,172.45,172.5,170.55,170.85
2024-05-30,10376879,1745935737,-2.95,23558,168.0,169.0,167.7,167.9
2024-05-31,9114336,1525397907,-1.9,18205,168.25,168.9,166.0,166.0
2024-06-03,9475689,1600550183,3.55,12509,168.65,169.75,167.3,169.55
2024-06-04,8753452,1465081642,-2.7,18696,168.75,168.75,166.5,166.85
2024-06-05,4935163,827016285,1.6,11328,167.4,168.8,166.15,168.45
2024-06-06,18069198,3139162083,5.75,19789,172.75,174.6,172.65,174.2
2024-06-07,7113014,1229550638,-1.35,10518,173.3,173.4,172.4,172.85
2024-06-11,11261872,1954032447,0.45,12407,173.15,174.25,172.9,173.3
2024-06-12,8173366,1431691938,3.1,11978,173.3,176.45,173.3,176.4
2024-06-13,16739748,2995817069,2.55,17606,178.9,180.5,177.8,178.95
2024-06-14,6902361,1236103031,1.05,11630,178.95,180.0,177.8,180.0
2024-06-17,8638429,1551547565,0.0,14693,179.2,180.45,178.8,180.0
2024-06-18,7029339,1284103308,3.0,12087,182.5,183.05,182.0,183.0
2024-06-19,26118499,4893505250,4.95,27903,184.75,188.9,184.75,187.95
2024-06-20,11887892,2243620224,1.8,15551,187.95,189.75,187.8,189.75
2024-06-21,10830757,2036270941,-1.15,17027,187.1,189.2,186.95,188.6
2024-06-24,14671365,2705763066,-4.6,32170,186.5,186.5,183.55,184.0
2024-06-25,13774562,2513790496,-0.1,20594,181.95,183.9,180.8,183.9
2024-06-26,9269483,1718526283,1.45,11194,184.95,186.1,184.25,185.35
2024-06-27,6508242,1199247562,-0.05,8578,183.6,185.3,183.4,185.3
2024-06-28,4455951,830033644,1.15,7487,185.3,187.4,184.65,186.45
2024-07-01,7681395,1437551892,0.15,11579,186.55,188.05,186.25,186.6
2024-07-02,5882791,1090850183,-1.25,11238,185.95,186.75,184.5,185.35
2024-07-03,6787428,1270770925,2.25,8862,187.6,187.6,186.4,187.6
2024-07-04,13513209,2592032676,4.9,17096,190.6,192.65,190.6,192.5
2024-07-05,10250583,1969313776,-0.7,14725,192.6,192.85,191.55,191.8
2024-07-08,17999450,3538290906,6.05,20267,191.9,198.5,191.85,197.85
2024-07-09,16177507,3201844493,-0.2,18605,197.45,200.05,195.45,197.65
2024-07-10,7807965,1537696021,0.7,16630,196.95,198.4,195.0,198.35
2024-07-11,10435774,2105367679,4.4,15095,200.65,202.8,200.0,202.75
2024-07-12,16267539,3207781338,-6.4,43004,198.2,198.35,196.0,196.35
2024-07-15,10323853,2034933297,0.35,16684,197.65,198.1,196.1,196.7
2024-07-16,13731487,2710925011,0.0,16165,196.55,199.0,196.0,196.85
2024-07-17,15694924,3059326947,-2.75,31123,196.4,196.5,193.6,194.1
2024-07-18,19796818,3754498885,-3.5,39463,188.6,190.9,188.2,190.6
2024-07-19,18436231,3456363627,-4.35,43183,188.75,189.0,186.2,186.25
2024-07-22,23474914,4268806758,-5.55,48514,185.4,185.4,180.05,180.7
2024-07-23,13180830,2437876621,5.6,18100,183.7,186.3,183.7,186.3
2024-04-01,5727780,904051439,-0.5,9814,158.2,158.75,157.25,157.4
2024-04-02,7924481,1261718566,2.25,11341,158.45,159.65,158.4,159.65
2024-04-03,5042947,799119313,-1.1,10098,158.65,158.9,157.8,158.55
2024-04-08,6124837,976164820,0.9,12306,158.65,159.85,158.55,159.45
2024-04-09,9043462,1465418271,3.8,15355,160.0,163.35,159.9,163.25
2024-04-10,5731265,933773619,-0.25,12106,162.75,163.3,162.45,163.0
2024-04-11,4677727,758087448,-0.5,9606,162.05,162.5,161.65,162.5
2024-04-12,6129174,994740991,-0.4,7404,162.6,162.8,161.95,162.1
2024-04-15,8727145,1397288443,-2.1,20071,160.25,160.55,159.6,160.0
2024-04-16,18674686,2914071977,-4.35,39767,158.3,158.3,154.75,155.65
2024-04-17,8077871,1267652543,1.75,10186,155.95,157.7,155.9,157.4
2024-04-18,6903163,1087753112,1.55,8741,156.35,158.95,155.8,158.95
2024-04-19,33785973,5120010612,-8.05,63456,154.1,154.15,149.5,150.9
2024-04-22,9992734,1505959931,-0.45,18339,150.4,151.75,149.7,150.45
2024-04-23,5718650,868908321,1.45,7971,152.15,152.45,151.3,151.9
2024-04-24,8082060,1258539965,4.45,9579,154.0,156.5,154.0,156.35
2024-04-25,5279800,811673254,-2.85,13893,154.1,154.45,153.25,153.5
2024-04-26,6054296,945852784,2.5,7970,156.0,156.8,155.5,156.0
2024-04-29,8135962,1289630787,2.8,10501,157.3,159.1,157.3,158.8
2024-04-30,4792141,761950562,-0.55,6586,158.6,159.35,158.25,158.25
2024-05-02,6666498,1042279767,-2.1,12625,157.35,157.35,156.0,156.15
2024-05-03,5935465,936184397,0.8,6876,158.55,158.65,156.45,156.95
2024-05-06,9032607,1441651437,2.25,12931,159.0,160.15,159.0,159.2
2024-05-07,6699483,1072604883,0.9,9146,160.25,160.55,159.5,160.1
2024-05-08,6345930,1017586029,0.6,7563,160.0,160.8,159.65,160.7
2024-05-09,5285856,850455689,-0.2,5952,160.75,161.25,160.4,160.5
2024-05-10,10192376,1644984436,1.15,11494,161.25,162.1,160.55,161.65
2024-05-13,9642900,1576521176,1.65,12460,163.35,163.9,162.95,163.3
2024-05-14,8291028,1358012114,1.1,9897,163.2,164.45,162.7,164.4
2024-05-15,15243403,2541851885,2.25,18162,165.6,167.85,165.5,166.65
2024-05-16,12586120,2119619590,0.8,12459,168.95,169.75,167.1,167.45
2024-05-17,5039743,842406145,-0.2,8291,167.55,167.7,166.7,167.25
2024-05-20,7278652,1212643672,-0.05,13023,167.25,167.4,165.3,167.2
2024-05-21,4588315,764313254,-0.2,6790,166.4,167.15,165.85,167.0
2024-05-22,6928097,1171910569,3.0,10448,167.2,170.0,167.2,170.0
2024-05-23,6656188,1137393249,1.3,11169,170.3,171.45,170.0,171.3
2024-05-24,3877932,660238032,-0.7,6487,169.3,170.8,169.3,170.6
2024-05-27,6149922,1062472354,2.35,12001,171.75,173.4,171.75,172.95
2024-05-28,5835433,1009317540,0.25,8245,172.95,173.4,172.5,173.2
2024-05-29,7402741,1268475158,-2.35,14406,172.45,172.5,170.55,170.85
2024-05-30,10376879,1745935737,-2.95,23558,168.0,169.0,167.7,167.9
2024-05-31,9114336,1525397907,-1.9,18205,168.25,168.9,166.0,166.0
2024-06-03,9475689,1600550183,3.55,12509,168.65,169.75,167.3,169.55
2024-06-04,8753452,1465081642,-2.7,18696,168.75,168.75,166.5,166.85
2024-06-05,4935163,827016285,1.6,11328,167.4,168.8,166.15,168.45
2024-06-06,18069198,3139162083,5.75,19789,172.75,174.6,172.65,174.2
2024-06-07,7113014,1229550638,-1.35,10518,173.3,173.4,172.4,172.85
2024-06-11,11261872,1954032447,0.45,12407,173.15,174.25,172.9,173.3
2024-06-12,8173366,1431691938,3.1,11978,173.3,176.45,173.3,176.4
2024-06-13,16739748,2995817069,2.55,17606,178.9,180.5,177.8,178.95
2024-06-14,6902361,1236103031,1.05,11630,178.95,180.0,177.8,180.0
2024-06-17,8638429,1551547565,0.0,14693,179.2,180.45,178.8,180.0
2024-06-18,7029339,1284103308,3.0,12087,182.5,183.05,182.0,183.0
2024-06-19,26118499,4893505250,4.95,27903,184.75,188.9,184.75,187.95
2024-06-20,11887892,2243620224,1.8,15551,187.95,189.75,187.8,189.75
2024-06-21,10830757,2036270941,-1.15,17027,187.1,189.2,186.95,188.6
2024-06-24,14671365,2705763066,-4.6,32170,186.5,186.5,183.55,184.0
2024-06-25,13774562,2513790496,-0.1,20594,181.95,183.9,180.8,183.9
2024-06-26,9269483,1718526283,1.45,11194,184.95,186.1,184.25,185.35
2024-06-27,6508242,1199247562,-0.05,8578,183.6,185.3,183.4,185.3
2024-06-28,4455951,830033644,1.15,7487,185.3,187.4,184.65,186.45
2024-07-01,7681395,1437551892,0.15,11579,186.55,188.05,186.25,186.6
2024-07-02,5882791,1090850183,-1.25,11238,185.95,186.75,184.5,185.35
2024-07-03,6787428,1270770925,2.25,8862,187.6,187.6,186.4,187.6
2024-07-04,13513209,2592032676,4.9,17096,190.6,192.65,190.6,192.5
2024-07-05,10250583,1969313776,-0.7,14725,192.6,192.85,191.55,191.8
2024-07-08,17999450,3538290906,6.05,20267,191.9,198.5,191.85,197.85
2024-07-09,16177507,3201844493,-0.2,18605,197.45,200.05,195.45,197.65
2024-07-10,7807965,1537696021,0.7,16630,196.95,198.4,195.0,198.35
2024-07-11,10435774,2105367679,4.4,15095,200.65,202.8,200.0,202.75
2024-07-12,16267539,3207781338,-6.4,43004,198.2,198.35,196.0,196.35
2024-07-15,10323853,2034933297,0.35,16684,197.65,198.1,196.1,196.7
2024-07-16,13731487,2710925011,0.0,16165,196.55,199.0,196.0,196.85
2024-07-17,15694924,3059326947,-2.75,31123,196.4,196.5,193.6,194.1
2024-07-18,19796818,3754498885,-3.5,39463,188.6,190.9,188.2,190.6
2024-07-19,18436231,3456363627,-4.35,43183,188.75,189.0,186.2,186.25
2024-07-22,23474914,4268806758,-5.55,48514,185.4,185.4,180.05,180.7
2024-07-23,13180830,2437876621,5.6,18100,183.7,186.3,183.7,186.3
2024-05-02,6666498,1042279767,-2.1,12625,157.35,157.35,156.0,156.15
2024-05-03,5935465,936184397,0.8,6876,158.55,158.65,156.45,156.95
2024-05-06,9032607,1441651437,2.25,12931,159.0,160.15,159.0,159.2
2024-05-07,6699483,1072604883,0.9,9146,160.25,160.55,159.5,160.1
2024-05-08,6345930,1017586029,0.6,7563,160.0,160.8,159.65,160.7
2024-05-09,5285856,850455689,-0.2,5952,160.75,161.25,160.4,160.5
2024-05-10,10192376,1644984436,1.15,11494,161.25,162.1,160.55,161.65
2024-05-13,9642900,1576521176,1.65,12460,163.35,163.9,162.95,163.3
2024-05-14,8291028,1358012114,1.1,9897,163.2,164.45,162.7,164.4
2024-05-15,15243403,2541851885,2.25,18162,165.6,167.85,165.5,166.65
2024-05-16,12586120,2119619590,0.8,12459,168.95,169.75,167.1,167.45
2024-05-17,5039743,842406145,-0.2,8291,167.55,167.7,166.7,167.25
2024-05-20,7278652,1212643672,-0.05,13023,167.25,167.4,165.3,167.2
2024-05-21,4588315,764313254,-0.2,6790,166.4,167.15,165.85,167.0
2024-05-22,6928097,1171910569,3.0,10448,167.2,170.0,167.2,170.0
2024-05-23,6656188,1137393249,1.3,11169,170.3,171.45,170.0,171.3
2024-05-24,3877932,660238032,-0.7,6487,169.3,170.8,169.3,170.6
2024-05-27,6149922,1062472354,2.35,12001,171.75,173.4,171.75,172.95
2024-05-28,5835433,1009317540,0.25,8245,172.95,173.4,172.5,173.2
2024-05-29,7402741,1268475158,-2.35,14406,172.45,172.5,170.55,170.85
2024-05-30,10376879,1745935737,-2.95,23558,168.0,169.0,167.7,167.9
2024-05-31,9114336,1525397907,-1.9,18205,168.25,168.9,166.0,166.0
2024-06-03,9475689,1600550183,3.55,12509,168.65,169.75,167.3,169.55
2024-06-04,8753452,1465081642,-2.7,18696,168.75,168.75,166.5,166.85
2024-06-05,4935163,827016285,1.6,11328,167.4,168.8,166.15,168.45
2024-06-06,18069198,3139162083,5.75,19789,172.75,174.6,172.65,174.2
2024-06-07,7113014,1229550638,-1.35,10518,173.3,173.4,172.4,172.85
2024-06-11,11261872,1954032447,0.45,12407,173.15,174.25,172.9,173.3
2024-06-12,8173366,1431691938,3.1,11978,173.3,176.45,173.3,176.4
2024-06-13,16739748,2995817069,2.55,17606,178.9,180.5,177.8,178.95
2024-06-14,6902361,1236103031,1.05,11630,178.95,180.0,177.8,180.0
2024-06-17,8638429,1551547565,0.0,14693,179.2,180.45,178.8,180.0
2024-06-18,7029339,1284103308,3.0,12087,182.5,183.05,182.0,183.0
2024-06-19,26118499,4893505250,4.95,27903,184.75,188.9,184.75,187.95
2024-06-20,11887892,2243620224,1.8,15551,187.95,189.75,187.8,189.75
2024-06-21,10830757,2036270941,-1.15,17027,187.1,189.2,186.95,188.6
2024-06-24,14671365,2705763066,-4.6,32170,186.5,186.5,183.55,184.0
2024-06-25,13774562,2513790496,-0.1,20594,181.95,183.9,180.8,183.9
2024-06-26,9269483,1718526283,1.45,11194,184.95,186.1,184.25,185.35
2024-06-27,6508242,1199247562,-0.05,8578,183.6,185.3,183.4,185.3
2024-06-28,4455951,830033644,1.15,7487,185.3,187.4,184.65,186.45
2024-07-01,7681395,1437551892,0.15,11579,186.55,188.05,186.25,186.6
2024-07-02,5882791,1090850183,-1.25,11238,185.95,186.75,184.5,185.35
2024-07-03,6787428,1270770925,2.25,8862,187.6,187.6,186.4,187.6
2024-07-04,13513209,2592032676,4.9,17096,190.6,192.65,190.6,192.5
2024-07-05,10250583,1969313776,-0.7,14725,192.6,192.85,191.55,191.8
2024-07-08,17999450,3538290906,6.05,20267,191.9,198.5,191.85,197.85
2024-07-09,16177507,3201844493,-0.2,18605,197.45,200.05,195.45,197.65
2024-07-10,7807965,1537696021,0.7,16630,196.95,198.4,195.0,198.35
2024-07-11,10435774,2105367679,4.4,15095,200.65,202.8,200.0,202.75
2024-07-12,16267539,3207781338,-6.4,43004,198.2,198.35,196.0,196.35
2024-07-15,10323853,2034933297,0.35,16684,197.65,198.1,196.1,196.7
2024-07-16,13731487,2710925011,0.0,16165,196.55,199.0,196.0,196.85
2024-07-17,15694924,3059326947,-2.75,31123,196.4,196.5,193.6,194.1
2024-07-18,19796818,3754498885,-3.5,39463,188.6,190.9,188.2,190.6
2024-07-19,18436231,3456363627,-4.35,43183,188.75,189.0,186.2,186.25
2024-07-22,23474914,4268806758,-5.55,48514,185.4,185.4,180.05,180.7
2024-07-23,13180830,2437876621,5.6,18100,183.7,186.3,183.7,186.3
2024-06-03,9475689,1600550183,3.55,12509,168.65,169.75,167.3,169.55
2024-06-04,8753452,1465081642,-2.7,18696,168.75,168.75,166.5,166.85
2024-06-05,4935163,827016285,1.6,11328,167.4,168.8,166.15,168.45
2024-06-06,18069198,3139162083,5.75,19789,172.75,174.6,172.65,174.2
2024-06-07,7113014,1229550638,-1.35,10518,173.3,173.4,172.4,172.85
2024-06-11,11261872,1954032447,0.45,12407,173.15,174.25,172.9,173.3
2024-06-12,8173366,1431691938,3.1,11978,173.3,176.45,173.3,176.4
2024-06-13,16739748,2995817069,2.55,17606,178.9,180.5,177.8,178.95
2024-06-14,6902361,1236103031,1.05,11630,178.95,180.0,177.8,180.0
2024-06-17,8638429,1551547565,0.0,14693,179.2,180.45,178.8,180.0
2024-06-18,7029339,1284103308,3.0,12087,182.5,183.05,182.0,183.0
2024-06-19,26118499,4893505250,4.95,27903,184.75,188.9,184.75,187.95
2024-06-20,11887892,2243620224,1.8,15551,187.95,189.75,187.8,189.75
2024-06-21,10830757,2036270941,-1.15,17027,187.1,189.2,186.95,188.6
2024-06-24,14671365,2705763066,-4.6,32170,186.5,186.5,183.55,184.0
2024-06-25,13774562,2513790496,-0.1,20594,181.95,183.9,180.8,183.9
2024-06-26,9269483,1718526283,1.45,11194,184.95,186.1,184.25,185.35
2024-06-27,6508242,1199247562,-0.05,8578,183.6,185.3,183.4,185.3
2024-06-28,4455951,830033644,1.15,7487,185.3,187.4,184.65,186.45
2024-07-01,7681395,1437551892,0.15,11579,186.55,188.05,186.25,186.6
2024-07-02,5882791,1090850183,-1.25,11238,185.95,186.75,184.5,185.35
2024-07-03,6787428,1270770925,2.25,8862,187.6,187.6,186.4,187.6
2024-07-04,13513209,2592032676,4.9,17096,190.6,192.65,190.6,192.5
2024-07-05,10250583,1969313776,-0.7,14725,192.6,192.85,191.55,191.8
2024-07-08,17999450,3538290906,6.05,20267,191.9,198.5,191.85,197.85
2024-07-09,16177507,3201844493,-0.2,18605,197.45,200.05,195.45,197.65
2024-07-10,7807965,1537696021,0.7,16630,196.95,198.4,195.0,198.35
2024-07-11,10435774,2105367679,4.4,15095,200.65,202.8,200.0,202.75
2024-07-12,16267539,3207781338,-6.4,43004,198.2,198.35,196.0,196.35
2024-07-15,10323853,2034933297,0.35,16684,197.65,198.1,196.1,196.7
2024-07-16,13731487,2710925011,0.0,16165,196.55,199.0,196.0,196.85
2024-07-17,15694924,3059326947,-2.75,31123,196.4,196.5,193.6,194.1
2024-07-18,19796818,3754498885,-3.5,39463,188.6,190.9,188.2,190.6
2024-07-19,18436231,3456363627,-4.35,43183,188.75,189.0,186.2,186.25
2024-07-22,23474914,4268806758,-5.55,48514,185.4,185.4,180.05,180.7
2024-07-23,13180830,2437876621,5.6,18100,183.7,186.3,183.7,186.3
